epoch,train_loss,val_loss,val_mse,val_rmse,val_mae,val_dir_acc
1,0.002968023601819628,0.0003272917723127951,0.0003272917529102415,0.01809120650786568,0.014891966246068478,0.3466666666666667
