epoch,train_loss,val_loss,val_mse,val_rmse,val_mae,val_dir_acc,test_raw_mse
1.0,0.6712775618321187,0.7949803411358535,0.7949803471565247,0.89161670417087,0.7220615148544312,0.6534090909090909,
2.0,0.6418025302886963,0.7913493634474398,0.7913493514060974,0.8895781873484182,0.7103427648544312,0.6555660774410774,
3.0,0.6384144710205697,0.8002668083316148,0.8002668023109436,0.8945763255927041,0.711309552192688,0.6548821548821548,
4.0,0.629028042715949,0.8593809580562091,0.8593809604644775,0.9270280257168484,0.7271779179573059,0.6615109427609428,
5.0,0.6175170955142459,0.8430462750521573,0.8430463075637817,0.9181755320001628,0.722293496131897,0.6596170033670034,
,,,,,,,7255297.559284681
