epoch,train_loss,val_loss,val_mse,val_rmse,val_mae,val_dir_acc,test_raw_mse
1.0,0.6064981843744005,1.6676327466964722,1.6676326990127563,1.291368537255247,1.2077945470809937,0.12,
,,,,,,,33.3041070759903
